upperdistrict,name,population2015,population2014,population2013,population2012,population2011,crimebook2015,crimebook2014,crimebook2013,crimebook2012,crimebook2011,crimes2015,crimes2014,crimes2013,crimes2012,crimes2011,economiccrimes2015,economiccrimes2014,economiccrimes2013,economiccrimes2012,economiccrimes2011,gravecrimes2015,gravecrimes2014,gravecrimes2013,gravecrimes2012,gravecrimes2011,murders2015,murders2014,murders2013,murders2012,murders2011,healthdamage2015,healthdamage2014,healthdamage2013,healthdamage2012,healthdamage2011,robbing2015,robbing2014,robbing2013,robbing2012,robbing2011,banditry2015,banditry2014,banditry2013,banditry2012,banditry2011,thefts2015,thefts2014,thefts2013,thefts2012,thefts2011,burglary2015,burglary2014,burglary2013,burglary2012,burglary2011,carthefts2015,carthefts2014,carthefts2013,carthefts2012,carthefts2011,fraud2015,fraud2014,fraud2013,fraud2012,fraud2011,hijacking2015,hijacking2014,hijacking2013,hijacking2012,hijacking2011,drugs2015,drugs2014,drugs2013,drugs2012,drugs2011,publicplaces2015,publicplaces2014,publicplaces2013,publicplaces2012,publicplaces2011,street2015,street2014,street2013,street2012,street2011,sources
ЦАО,Арбат,34 012,31 286,30 076,29 108,28 536,,,12735,,,,986,718,868,816,,,,,110,,,191,195,,,,2,0,,,6,8,,,,49,32,71,,8,10,12,,,,413,296,461,,7,12,12,10,,7,9,18,15,,,,,,,,,1,1,,96,90,,,19,,453,336,580,,,226,198,326,,"https://github.com/openpolicerussia/moscowpolicedata/tree/master/Reports/CentralAO/Arbat, http://www.arbatnews.ru/node/28"
ЦАО,Басманный,110 042,109 648,109 514,109 215,109 086,48201,36663,34510,30626,,1730,1511,1328,1221,944,,,,,,539,528,511,507,,5,8,,3,,19,8,,,,103,70,71,101,,27,26,18,27,,733,533,,,,,,32,43,,58,40,72,83,,262,306,,,,5,5,7,3,,141,116,140,59,,1152,667,606,710,,562,366,391,458,,"https://github.com/openpolicerussia/moscowpolicedata/tree/master/Reports/CentralAO/Basmanny, http://www.basmanvmo.ru/documents/%D0%98%D0%BD%D1%84%D0%BE%D1%80%D0%BC%D0%B0%D1%86%D0%B8%D1%8F%20%D0%91%D0%9C%D0%9F-%D0%A1.pdf"
ЦАО,Замоскворечье,57 722,57 012,56 937,56 483,56 098,31785,25935,22425,,,1770,1472,979,1752,,186,159,,,,501,,367,633,,0,1,4,5,,4,7,7,8,,125,,72,73,,,,18,19,,753,603,302,520,,17,19,24,35,,14,23,36,59,,,,162,312,,5,,3,9,,241,,102,61,,1177,792,445,679,,622,508,315,442,,https://github.com/openpolicerussia/moscowpolicedata/tree/master/Reports/CentralAO/Zamoskvorechye
ЦАО,Красносельский,48 324,48 104,48 086,47 964,47 839,31295,25914,21796,,,1957,1509,1087,,,,,,,,,530,391,468,,1,7,,,,,,,,,149,106,100,,,34,26,34,,,939,716,491,,,5,15,14,20,,15,23,34,37,,281,159,,,,,3,4,5,,118,120,65,,,1433,702,547,,,709,404,317,,,"https://github.com/openpolicerussia/moscowpolicedata/tree/master/Reports/CentralAO/Krasnoselsky, http://vmo-krasnoselskoe.ru/ms/meeting24032015.php"
ЦАО,Мещанский,60 014,59 337,59 276,58 936,58 514,,28000,,22000,,2193,1773,1872,1901,,,,,,,,,388,432,,,,,,,,,,,,,83,105,,,,14,25,,,1117,849,444,,,15,22,30,44,,,,59,71,,,203,453,,,,,5,6,,,,,,,,,,,,,,,,,"https://github.com/openpolicerussia/moscowpolicedata/tree/master/Reports/CentralAO/Meshchansky, http://meschanka.mos.ru/safety-and-security/the-prosecutor-s-office/detail/2505338.html"
ЦАО,Пресненский,126 107,125 899,125 764,124 947,124 015,,,,,,,3166,2925,2818,,,,,,,,819,932,825,,,,8,10,,,,,4,,135,,183,189,,36,,43,62,,1731,,1504,1643,,71,,119,114,,59,,141,142,,,159,,,,,,13,32,,208,,123,94,,,,,,,,,,,,"https://github.com/openpolicerussia/moscowpolicedata/tree/master/Reports/CentralAO/Presnensky, kvartirolog.ru"
ЦАО,Таганский,119 862,119 094,117 932,117 543,117 228,,,34707,22757,,2010,1806,2295,1875,1701,,,,,,855,724,799,626,595,,,10,7,12,,,14,10,10,,94,166,122,147,38,29,52,35,29,,974,1049,810,764,23,34,83,58,48,59,78,112,129,,,,341,283,268,6,,5,4,,,,166,133,82,,,,,,,,,,778,https://github.com/openpolicerussia/moscowpolicedata/tree/master/Reports/CentralAO/Tagansky
ЦАО,Тверской,77 123,76 881,76 798,76 348,76 064,60744,,42092,,,2121,2286,2298,1737,1766,,,,212,294,,634,963,651,641,1,4,1,7,5,,13,15,18,13,,32,110,134,102,,21,26,26,22,,1094,864,767,733,,32,42,36,41,,39,41,60,52,,610,660,446,,,,7,3,,220,132,128,58,42,1230,1192,1043,986,940,493,641,589,481,537,https://github.com/openpolicerussia/moscowpolicedata/tree/master/Reports/CentralAO/Tverskoy
ЦАО,Хамовники,107 676,106 260,105 644,104 859,103 861,30131,,22467,19059,,1757,2064,1815,1897,1864,,223,,,,,543,434,526,503,1,,4,9,,,,,6,16,57,50,100,115,118,23,26,15,11,16,861,942,924,980,955,46,56,65,60,58,25,54,57,71,93,,,,,,6,,8,5,,119,104,,59,51,973,928,880,984,1048,442,595,707,772,853,https://github.com/openpolicerussia/moscowpolicedata/tree/master/Reports/CentralAO/Khamovniki
ЦАО,Якиманка,27 398,27 169,27 110,26 907,26 791,,14438,13017,,,921,734,794,800,852,,93,,,,,199,192,168,,,2,1,1,,,3,2,6,,,19,38,68,,,11,8,10,,,322,313,442,,,2,8,16,,,9,20,23,,,101,137,,,,1,0,,,,84,,24,,605,426,407,233,,338,261,266,163,,https://github.com/openpolicerussia/moscowpolicedata/tree/master/Reports/CentralAO/Yakimanka
САО,Аэропорт,78 943,78 893,76 839,76 318,75 621,,,,,,1445,1368,1666,1412,,,,,,,,381,,,,1,3,4,,,,3,6,,,,65,74,79,,,,15,19,,,,822,823,,29,29,41,44,,33,51,65,69,,,194,258,,,,,,,,,117,144,,,874,,670,630,,,,478,472,,https://github.com/openpolicerussia/moscowpolicedata/tree/master/Reports/NorthernAO/Aeroport
САО,Беговой,42 735,42 579,42 534,42 401,42 354,13728,13351,11326,10229,11000,939,906,911,852,817,39,33,147,60,72,193,219,298,291,280,,,,,,,,,,,31,39,35,33,36,7,11,7,7,20,570,536,448,543,510,30,23,32,64,70,40,37,30,69,52,,,,65,67,,,,,,,54,44,47,,556,368,314,459,,269,222,258,391,357,https://github.com/openpolicerussia/moscowpolicedata/tree/master/Reports/NorthernAO/Begovoy
САО,Бескудниковский,77 768,77 684,77 542,76 937,76 097,17896,,,,,1042,1104,1109,1028,,,,,,,166,256,278,282,,2,,,,,12,6,,,,58,35,39,47,,9,10,10,14,,,570,370,,,11,16,30,37,,45,41,42,64,,80,75,58,69,,12,13,5,16,,119,140,177,125,,647,534,484,,,373,394,396,,,https://github.com/openpolicerussia/moscowpolicedata/tree/master/Reports/NorthernAO/Beskudnikovsky
САО,Войковский,69 273,68 738,68 285,67 051,66 327,23250,21726,,15473,15436,1474,1624,1544,1562,1723,64,47,81,,,,374,463,340,513,,,,2,1,,3,5,8,6,58,55,53,66,78,12,10,13,19,18,804,924,820,1010,,14,29,35,39,40,41,59,,49,69,202,181,228,143,178,3,14,9,6,,79,187,183,130,96,,965,652,815,575,,,,394,152,https://github.com/openpolicerussia/moscowpolicedata/tree/master/Reports/NorthernAO/Voykovsky
САО,Восточное Дегунино,98 206,97 915,97 438,96 287,95 618,,,17874,19689,,1077,1108,1184,1307,,15,11,14,,,277,328,332,324,,3,0,3,3,,9,7,12,9,,,47,74,76,,,,,,,,516,540,655,,,28,23,30,,,48,54,67,,93,,95,96,,,,,,,,,218,166,,660,549,591,764,,432,373,469,690,,https://github.com/openpolicerussia/moscowpolicedata/tree/master/Reports/NorthernAO/VostochnoyeDegunino
САО,Головинский,103 157,102 997,102 984,102 079,102 031,23011,21173,,,,1665,1341,1413,1510,1497,59,37,,34,,471,365,329,260,174,4,5,,,,9,13,,,,51,61,84,101,86,7,17,19,16,10,810,670,785,902,843,40,42,63,36,27,60,63,64,82,,,155,118,133,136,11,12,15,29,,78,81,,59,30,1047,718,635,759,,600,537,576,730,,https://github.com/openpolicerussia/moscowpolicedata/tree/master/Reports/NorthernAO/Golovinsky
САО,Дмитровский,92 405,91 381,89 861,88 736,88 415,,,,,,1252,1302,1312,1231, ,10,11,20,,,,352,294,396,,,,,,,,,,,,85,97,73,113,,9,6,13,10,,665,643,697,648,,51,41,35,76,,49,76,73,96,,124,126,98,157,,,,,,,133,167,117,85,,510,468,499,712,,297,321,415,625,,"https://github.com/openpolicerussia/moscowpolicedata/tree/master/Reports/NorthernAO/Dmitrovsky, http://xn--80a2ah.xn--j1adp.xn--b1aew.xn--p1ai/document/7060019"
САО,Западное Дегунино,81 492,81 138,80 846,80 246,79 806,,,15067,,,1265,1230,1191,1210,1292,11,13,,,,266,326,269,,,2,3,4,3,,10,6,10,10,,42,44,41,44,,9,6,9,6,,720,584,576,657,,10,24,18,23,,48,48,41,54,,,,,,,15,17,13,18,,,,,,,690,595,545,550,,399,422,414,468,,https://github.com/openpolicerussia/moscowpolicedata/tree/master/Reports/NorthernAO/ZapadnoyeDegunino
САО,Коптево,101 036,100 642,100 232,99 521,98 123,,,,,,1201,1310,1276,1349,1356,,,,,,,589,438,271,363,1,3,,0,4,11,9,9,12,12,,,62,93,87,,,,9,31,,,706,870,775,38,34,71,48,67,74,87,89,69,94,,,,82,81,4,11,11,21,,115,164,141,72,,,,586,772,,,,457,650,,"https://github.com/openpolicerussia/moscowpolicedata/tree/master/Reports/NorthernAO/Koptevo, https://sao.mos.ru/news/news/detail/1608764.html"
САО,Левобережный,53 154,53 015,52 987,52 803,52 732,16943,16579,,,,1456,1383,1364,1194,1058,,,,,,290,292,443,300,,,,3,0,,,,5,9,,70,65,69,102,,10,13,11,16,,862,791,654,748,,16,25,17,33,,53,58,79,69,,183,169,,,,,,,,,,109,56,53,,,,478,598,,,,401,499,,https://github.com/openpolicerussia/moscowpolicedata/tree/master/Reports/NorthernAO/Levoberezhny
САО,Молжаниновский,5 823,5 206,3 794,3 607,3 586,2518,1786,,1223,1295,219,214,188,144,154,,,,0,,39,54,27,24,38,,1,1,2,2,,,1,1,2,6,6,8,10,4,,2,0,1,4,61,72,39,31,52,,12,5,4,11,10,7,3,5,3,10,6,1,5,,,2,1,,,,20,6,5,12,150,82,56,47,52,72,70,52,45,50,https://github.com/openpolicerussia/moscowpolicedata/tree/master/Reports/NorthernAO/Molzhaninovsky
САО,Савеловский,59 327,59 004,58 949,58 714,58 623,,,,,,1148,997,972,1251,932,43,25,68,272,,253,280,215,274,266,3,3,1,3,,0,3,0,3,1,44,53,67,62,49,13,13,10,19,13,698,553,540,609,595,40,25,41,53,41,60,51,60,60,64,126,113,71,82,38,2,7,10,19,20,45,125,87,,,736,606,,618,432,436,424,,514,384,https://github.com/openpolicerussia/moscowpolicedata/tree/master/Reports/NorthernAO/Savyolovsky
САО,Сокол,59 112,59 057,58 974,58 309,57 792,,12247,12428,11575,,856,925,1311,1272,1093,18,19,,177,71,201,229,315,398,301,,2,1,1,0,,,3,4,4,21,21,39,58,53,5,7,6,10,7,479,476,677,747,637,26,20,45,34,46,30,28,52,51,43,109,157,200,247,,,,,,,79,122,109,62,34,514,544,613,745,533,297,410,547,621,478,"https://github.com/openpolicerussia/moscowpolicedata/tree/master/Reports/NorthernAO/Sokol, http://munsokol.ru/munitsipalnoe-sobranie/informatsiya-po-zaslushivaniyam/1396-doklad-vrio-nachalnika-otdela-mvd-rossii-po-rajonu-sokol-g-moskvy-polkovnika-politsii-malyugina-sergeya-vladimirovicha-po-itogam-operativno-sluzhebnoj-deyatelnosti-za-12-mesyatsev-2015-goda-i-zadachakh-na-predstoyashchij-period-2016-goda.html"
САО,Тимирязевский,83 324,83 299,83 243,82 837,82 794,,,,,,2083,1644,1748,1773,,,16,,,,562,462,471,,,,0,,,,,8,11,12,,104,137,141,164,,20,21,19,29,,1157,861,919,1055,,,38,41,60,,,72,97,90,,252,139,,,,6,9,20,,,,223,230,,,,,,,,,,,,,https://github.com/openpolicerussia/moscowpolicedata/tree/master/Reports/NorthernAO/Timiryazevsky
САО,Ховрино,85 325,84 384,83 910,83 017,81 711,,15776,15492,15134,16981,985,1247,1329,1270,1335,23,43,,,,235,278,270,256,275,0,1,,,,3,,5,5,7,36,,45,55,71,6,13,8,12,4,533,756,778,795,809,,42,31,41,68,,69,64,90,85,103,80,85,134,86,11,13,21,24,,76,82,88,77,58,606,671,698,713,73,407,509,618,686,65,https://github.com/openpolicerussia/moscowpolicedata/tree/master/Reports/NorthernAO/Khovrino
САО,Хорошевский,67 448,65 227,63 495,61 528,57 773,26075,,,,,1724,1329,1138,1421,,,28,,,,327,353,344,293,,,3,,,,,4,,,,75,81,66,63,,14,17,18,,,,698,621,991,,31,20,33,43,,64,73,85,98,,251,251,,,,,,,,,,57,70,34,,1171,,626,1014,,573,,,,,https://github.com/openpolicerussia/moscowpolicedata/tree/master/Reports/NorthernAO/Khoroshyovsky
СВАО,Алексеевский,80 327,79 762,79 661,79 398,79 034,23185,20483,17567,,,1102,990,844,623,,,,,,,248,242,277,199,,,1,,,,5,7,0,,,62,72,69,45,,,12,15,12,,696,533,362,330,,31,31,38,50,,43,65,55,33,,112,128,89,,,,6,7,,,64,70,44,21,,841,710,462,365,,488,459,313,264,,https://github.com/openpolicerussia/moscowpolicedata/tree/master/Reports/NorthEasternAO/Alexeyevsky
СВАО,Алтуфьевский,57 194,56 811,56 106,55 786,55 532,,,10972,11801,,644,667,608,645,,,,,,,212,183,170,159,210,,,0,5,,,,5,9,,,38,19,29,,9,5,8,12,,326,362,344,411,,23,19,35,21,,37,54,45,53,,56,36,,,,,,8,3,,132,100,62,28,,419,479,318,407,,,,,341,,https://github.com/openpolicerussia/moscowpolicedata/tree/master/Reports/NorthEasternAO/Altufyevsky
СВАО,Бабушкинский,88 217,87 594,87 519,86 978,86 814,27284,23701,19765,,,1007,1086,1181,1407,1253,,,,,,300,361,319,330,218,,,,,,,,,,,47,57,74,100,,,5,6,,,587,567,662,789,,33,48,44,29,,66,52,50,92,,86,10,,,,,,,,,,176,148,148,,700,701,596,866,,427,443,441,586,,https://github.com/openpolicerussia/moscowpolicedata/tree/master/Reports/NorthEasternAO/Babushkinsky
СВАО,Бибирево,159 903,159 067,158 991,158 329,157 624,39379,36795,,,,1794,1786,1782,2726,2283,,,,,,508,592,428,659,520,3,4,,,,7,17,12,26,,93,88,132,239,,,28,27,62,,1001,942,1036,1550,,54,42,49,117,,82,130,134,151,,,147,,,,,,14,48,,,119,73,58,,1211,1168,1150,1980,,732,747,904,1493,,https://github.com/openpolicerussia/moscowpolicedata/tree/master/Reports/NorthEasternAO/Bibirevo
СВАО,Бутырский,70 712,70 316,70 193,69 841,69 197,18870,17906,13068,,,939,922,874,977,,,27,,,,212,231,336,323,,5,1,1,2,,5,4,7,3,,77,65,56,91,,15,13,20,19,,530,491,433,576,,34,31,45,43,,26,48,75,90,,108,159,,,,4,7,1,1,,76,56,34,32,,716,494,438,677,,397,359,349,580,,https://github.com/openpolicerussia/moscowpolicedata/tree/master/Reports/NorthEasternAO/Butyrsky
СВАО,Лианозово,84 896,84 005,83 869,83 115,81 836,17076,14904,,,,963,1108,1163,1328,,,,,,,284,357,323,351,,3,1,6,,,2,1,9,,,47,94,86,,,6,10,11,,,530,513,655,,,27,41,49,43,,59,81,83,98,,58,111,63,,,3,5,3,,,178,194,132,,,668,765,795,940,,422,568,663,785,,https://github.com/openpolicerussia/moscowpolicedata/tree/master/Reports/NorthEasternAO/Lianozovo
СВАО,Лосиноостровский,82 941,82 318,82 294,81 739,81 527,23634,21782,15364,14676,,827,928,906,1039,,,,,,,270,333,245,218,,4,2,1,3,,,8,9,12,,34,49,37,48,,11,5,12,9,,356,354,367,569,,33,36,36,26,,39,44,48,84,,61,61,40,53,,8,5,11,18,,131,219,138,69,,448,480,435,682,,314,359,346,514,,https://github.com/openpolicerussia/moscowpolicedata/tree/master/Reports/NorthEasternAO/Losinoostrovsky
СВАО,Марфино,33 009,32 691,32 110,31 015,27 307,10507,9546,,,,402,304,366,377,,,14,,,,136,113,147,135,65,0,1,2,3,,8,3,3,4,,15,14,29,27,,0,3,8,9,,189,123,187,225,,18,11,29,20,,17,22,51,27,,31,10,,,,,6,5,4,,82,77,36,28,,235,194,207,217,,153,134,176,186,,https://github.com/openpolicerussia/moscowpolicedata/tree/master/Reports/NorthEasternAO/Marfino
СВАО,Марьина Роща,67 295,66 844,66 794,66 418,66 371,23014,17876,14251,,,1180,735,730,811,,,,,,,225,117,226,265,296,2,0,3,1,,5,5,3,4,,45,23,47,40,,6,7,9,10,,692,437,399,489,,39,31,30,39,,51,54,61,42,,119,49,51,39,,5,9,6,6,,77,82,35,35,,809,508,459,524,,383,312,297,350,,https://github.com/openpolicerussia/moscowpolicedata/tree/master/Reports/NorthEasternAO/MaryinaRoshcha
СВАО,Останкинский,63 023,62 743,62 573,62 113,61 806,20443,18263,14525,13386,,1538,1347,1126,894,,,48,93,,,303,387,375,410,,3,1,4,2,,,3,3,6,,68,94,66,61,,6,9,10,13,,736,668,560,373,,38,44,30,30,,54,53,93,75,,515,240,161,252,,4,4,17,14,,52,144,96,41,,825,905,612,494,,550,620,472,418,,https://github.com/openpolicerussia/moscowpolicedata/tree/master/Reports/NorthEasternAO/Ostankinsky
СВАО,Отрадное,183 805,182 527,181 924,179 839,177 928,,40183,35717,31914,,2611,2452,2214,2449,,,26,,,,524,685,524,625,431,5,4,5,10,,15,10,17,14,,159,145,166,174,,34,36,37,31,,1600,1384,1315,1478,,57,60,66,83,,110,148,182,195,,155,186,217,215,,35,44,22,42,,,260,144,104,,1804,1688,1401,1595,,1160,1119,1131,1434,,https://github.com/openpolicerussia/moscowpolicedata/tree/master/Reports/NorthEasternAO/Otradnoye
СВАО,Ростокино,38 995,38 591,38 314,38 007,37 873,9257,,,,,367,372,390,469,,,,,,,96,129,126,169,,,,1,5,,2,5,,,,19,18,30,44,,5,3,4,13,,214,189,188,279,,12,26,21,29,,,25,32,24,,,37,21,20,,5,1,5,4,,36,39,36,34,,252,207,,,,161,148,,,,https://github.com/openpolicerussia/moscowpolicedata/tree/master/Reports/NorthEasternAO/Rostokino
СВАО,Свиблово,62 115,61 779,61 721,61 315,60 954,,11295,,,,1121,1214,1229,1128,875,,,,,,,258,233,208,,2,2,2,4,,2,2,8,12,,46,57,60,67,,5,8,8,5,,823,782,856,817,,27,40,35,36,,34,38,58,50,,,,105,71,,7,10,7,3,,,,48,30,,,910,862,909,,,415,482,452,,https://github.com/openpolicerussia/moscowpolicedata/tree/master/Reports/NorthEasternAO/Sviblovo
СВАО,Северное Медведково,126 637,125 591,125 481,124 607,124 041,28220,24574,19592,16599,,1608,1710,1551,1768,,,,,,,440,598,362,381,,,5,8,,,4,13,10,,,107,97,116,122,,10,15,11,,,869,783,798,1021,,62,49,42,46,,81,88,91,122,,169,168,136,135,,13,19,15,,,150,264,138,,,976,1141,1078,,,656,855,879,,,https://github.com/openpolicerussia/moscowpolicedata/tree/master/Reports/NorthEasternAO/SevernoyeMedvedkovo
СВАО,Северный,32 776,31 986,30 956,30 061,28 151,,,5275,,,555,496,584,548,,,,,,,125,135,147,149,,,3,0,1,,,4,3,2,,33,30,47,67,,4,6,6,5,,357,302,378,376,,16,7,12,14,,35,40,62,67,,,31,48,24,,4,2,2,5,,39,38,28,15,,,371,434,444,,,191,255,307,,https://github.com/openpolicerussia/moscowpolicedata/tree/master/Reports/NorthEasternAO/Severny
СВАО,Южное Медведково,84 923,84 390,84 347,83 564,82 720,18340,16928,14886,15125,,1020,989,974,1030,,5,20,,,,242,230,242,251,293,2,1,3,1,,4,4,8,9,,55,39,37,51,,2,6,9,6,,532,570,537,627,,26,37,42,54,,34,31,47,73,,112,69,132,117,,8,5,7,15,,125,131,86,82,,599,641,552,773,,368,430,449,563,,https://github.com/openpolicerussia/moscowpolicedata/tree/master/Reports/NorthEasternAO/YuzhnoyeMedvedkovo
СВАО,Ярославский,96 971,95 913,95 628,95 076,94 832,,17120,,,,901,968,1252,1232,,,,,,,269,282,326,179,365,4,1,,,,,11,5,,,46,41,38,,,9,6,4,,,461,441,,,,28,41,33,31,,74,39,38,57,,76,87,80,,,,15,4,,,,,,,,588,600,738,851,,403,413,532,655,,https://github.com/openpolicerussia/moscowpolicedata/tree/master/Reports/NorthEasternAO/Yaroslavsky
ВАО,Богородское,107 629,106 828,106 076,105 412,104 911,,22694,21307,17381,,1357,1261,1116,968,1289,,,12,4,,,307,316,331,413,2,8,5,4,6,8,15,6,8,,76,74,99,84,126,21,16,22,28,43,679,651,524,576,814,42,48,63,94,167,39,44,50,62,80,,97,87,41,57,10,6,23,14,36,149,154,142,104,42,849,793,585,549,604,573,590,505,487,530,https://github.com/openpolicerussia/moscowpolicedata/tree/master/Reports/EasternAO/Bogorodskoye
ВАО,Вешняки,122 124,121 693,121 605,121 007,120 949,,28662,33804,,,1746,1827,1688,1855,1635,,,,149,,413,450,475,458,,4,5,7,3,11,10,7,13,19,21,107,89,125,165,119,13,6,27,26,22,894,951,867,988,989,51,66,78,77,100,56,101,101,132,136,157,166,133,108,70,,18,,,,,238,215,153,68,,1257,841,1116,1025,,955,671,807,653,https://github.com/openpolicerussia/moscowpolicedata/tree/master/Reports/EasternAO/Veshnyaki
ВАО,Восточное Измайлово,77 969,77 698,77 624,77 105,77 021,,,,11691,12314,946,794,657,849,737,,,,9,,293,238,223,257,,,2,4,2,5,,8,3,6,,,36,43,84,,,13,8,19,,,429,364,505,,8,24,36,,,,46,40,68,,31,63,24,54,,,9,2,,,185,133,133,90,,597,563,346,610,491,,465,311,512,412,https://github.com/openpolicerussia/moscowpolicedata/tree/master/Reports/EasternAO/VostochnoyeIzmaylovo
ВАО,Восточный,13 363,12 967,12 861,12 578,12 427,3292,3134,2129,1746,,128,107,84,81,114,,,,,,28,24,22,45,,1,0,0,0,0,1,1,2,0,1,2,7,4,4,6,1,0,1,3,0,73,61,49,27,46,4,3,5,6,6,7,9,8,8,7,19,8,3,5,9,2,0,,,,3,8,10,30,21,,47,33,42,46,48,40,31,38,44,https://github.com/openpolicerussia/moscowpolicedata/tree/master/Reports/EasternAO/Vostochny
ВАО,Гольяново,162 030,160 372,159 938,159 284,158 096,46129,44465,34547,32802,,1845,2052,2867,2373,2786,,,,70,,531,644,1367,733,702,3,5,4,5,17,,5,26,11,21,107,122,215,259,272,20,29,55,62,90,1010,1066,1077,1320,1523,71,67,77,132,180,88,131,90,104,,172,176,,158,248,,,11,25,54,268,365,306,227,,1244,1374,1263,1104,1864,935,1164,1116,916,1643,https://github.com/openpolicerussia/moscowpolicedata/tree/master/Reports/EasternAO/Golyanovo
ВАО,Ивановское,127 294,126 794,126 718,125 976,125 732,,,,19722,,1413,1404,1351,1300,1254,,,,36,,258,333,409,344,361,3,4,7,4,8,9,5,16,9,16,58,60,86,97,109,9,11,15,18,15,774,762,763,806,729,70,59,69,60,88,71,83,108,104,128,107,146,106,66,69,,,,,,171,147,160,132,91,930,862,644,508,241,606,625,561,383,122,https://github.com/openpolicerussia/moscowpolicedata/tree/master/Reports/EasternAO/Ivanovskoye
ВАО,Измайлово,105 957,105 434,105 097,104 571,104 106,,,27772,24596,,1503,1789,1577,1782,1874,30,54,,,,371,443,,,,,8,6,9,9,,,21,17,16,,103,176,178,262,,29,26,41,35,888,1004,865,1048,1042,43,47,,,,40,70,,,,,,108,86,70,,,,,,329,406,171,117,,,966,,,,,,680,695,785,https://github.com/openpolicerussia/moscowpolicedata/tree/master/Reports/EasternAO/Izmaylovo
ВАО,Косино-Ухтомский,80 543,79 429,77 629,75 218,73 074,,,12378,12225,12196,1131,953,808,898,839,,,,,,201,205,228,243,273,3,2,4,2,3,6,5,5,13,,31,27,41,40,44,6,5,10,6,7,669,581,503,654,563,36,26,32,60,63,53,92,92,115,153,85,68,48,50,29,18,18,,25,34,88,71,99,38,53,670,636,,,,499,548,437,605,,https://github.com/openpolicerussia/moscowpolicedata/tree/master/Reports/EasternAO/Kosino-Ukhtomsky
ВАО,Метрогородок,37 785,37 042,36 993,36 904,36 526,11601,11766,8398,7613,,620,458,468,383,288,,,,42,,143,142,180,125,,2,1,0,2,,3,4,3,6,,26,25,20,23,,12,5,14,16,,281,218,184,196,,8,13,9,33,,16,11,10,14,,33,30,2,2,,,,6,7,,87,80,112,52,,384,306,192,225,,297,240,157,187,,https://github.com/openpolicerussia/moscowpolicedata/tree/master/Reports/EasternAO/Metrogorodok
ВАО,Новогиреево,97 306,96 627,96 513,95 862,95 169,27475,26114,19041,,,1666,1769,1480,1481,1633,,,,,,444,630,356,352,,2,3,5,2,,3,6,5,10,9,54,79,109,148,164,13,15,19,14,21,,771,802,885,,26,61,34,61,,55,72,104,148,116,148,221,192,138,101,,,,,,224,328,150,89,108,,996,706,986,1010,,730,531,781,,https://github.com/openpolicerussia/moscowpolicedata/tree/master/Reports/EasternAO/Novogireyevo
ВАО,Новокосино,106 847,106 388,106 056,105 206,104 418,17564,15809,13121,14074,,1065,1019,1016,1075,,,,,,,,326,277,294,308,,10,2,1,,,10,6,8,2,31,48,65,74,62,5,8,3,6,4,540,532,560,678,620,7,15,23,28,29,66,105,94,140,166,77,81,77,40,51,12,11,20,29,35,215,195,146,119,122,,703,599,800,785,414,530,500,663,647,https://github.com/openpolicerussia/moscowpolicedata/tree/master/Reports/EasternAO/Novokosino
ВАО,Перово,140 923,140 762,140 669,140 098,139 942,35184,35191,32076,30502,,1985,1905,1848,2029,1755,,,,100,,463,515,431,491,,,,5,11,9,16,14,7,13,,97,114,136,155,,18,16,14,26,22,,1070,1030,1160,1055,54,70,73,94,74,71,98,100,129,,,,229,230,153,,,23,26,,,81,177,121,95,1310,1105,520,894,916,727,856,501,516,448,https://github.com/openpolicerussia/moscowpolicedata/tree/master/Reports/EasternAO/Perovo
ВАО,Преображенское,88 266,87 328,86 567,85 534,84 127,,,21391,18662,,1606,1719,1698,1404,,,,,,,417,597,853,395,424,5,3,1,5,4,,,6,3,13,,94,90,122,131,22,17,27,34,,840,836,634,809,820,48,31,52,84,82,45,71,70,81,88,,232,135,146,,10,7,3,13,10,,271,238,125,118,982,1164,743,954,1004,568,846,570,596,467,https://github.com/openpolicerussia/moscowpolicedata/tree/master/Reports/EasternAO/Preobrazhenskoye
ВАО,Северное Измайлово,87 193,86 947,86 893,86 171,85 741,23900,24276,21881,21861,,1704,1814,1773,2112,2076,,,,,,392,450,449,538,526,3,5,7,5,11,10,13,16,23,18,105,117,174,261,242,24,38,31,61,89,1008,1000,1084,1318,1255,63,64,78,95,131,62,92,71,120,69,112,150,121,107,98,,19,7,23,,179,170,175,122,,1228,1280,1112,1514,1111,752,964,840,1026,,https://github.com/openpolicerussia/moscowpolicedata/tree/master/Reports/EasternAO/SevernoyeIzmaylovo
ВАО,Соколиная гора,89 849,89 568,88 943,88 064,87 132,,,29259,27265,23314,1967,1949,1540,1508,1732,,,,,,505,525,461,366,429,,2,1,2,4,16,4,10,15,,85,82,107,105,115,21,35,26,17,24,1153,1089,933,1025,1085,54,67,55,81,111,55,71,78,122,,,222,134,142,194,,,,6,20,272,234,161,81,,1353,1464,989,1161,,775,990,754,743,,https://github.com/openpolicerussia/moscowpolicedata/tree/master/Reports/EasternAO/SokolinayaGora
ВАО,Сокольники,60 723,59 958,59 583,58 621,58 211,19180,17809,,,,1398,1387,1226,1208,1183,,,,,,308,345,531,564,352,,,2,2,1,,,8,3,6,65,68,66,81,106,11,12,17,29,34,885,820,708,813,697,39,39,54,55,64,39,63,45,75,64,,,163,95,118,13,6,3,7,7,125,118,88,64,43,990,942,621,810,863,608,600,389,517,553,https://github.com/openpolicerussia/moscowpolicedata/tree/master/Reports/EasternAO/Sokolniki
ВАО,ТГК Измайлово,,,,,,,,,,,,52,35,49,,,,,,,,,14,4,,,0,0,,,,0,0,,,,5,6,7,,,,,,,,28,19,18,,,,,,,,,2,,,,,,,,,1,,,,,1,3,14,,,280,,,,,,,,,https://github.com/openpolicerussia/moscowpolicedata/tree/master/Reports/EasternAO/TGKIzmaylovo
ЮВАО,Выхино,133 053,132 093,131 650,131 252,130 999,31148,28831,30368,26500,,2315,2017,2142,2318,2286,,,,,,512,519,817,1083,,,0,1,,,,,,,,152,110,139,241,192,19,11,24,41,39,1236,1030,,,,57,55,67,88,97,108,99,117,146,142,175,244,224,,,,13,28,41,24,154,237,174,84,56,1590,1206,1200,1521,1218,1070,963,945,1209,743,https://github.com/openpolicerussia/moscowpolicedata/tree/master/Reports/SouthEasternAO/Vykhino
ЮВАО,Жулебино,91 119,90 461,90 157,89 885,89 712,20393,17448,13301,11457,10397,1055,959,836,1114,1095,,,,,,285,280,215,299,,,,,,,,,,,,78,49,45,105,94,14,9,8,13,,529,441,443,623,,22,22,22,37,36,47,76,62,97,116,115,100,,,,,,,,,120,126,,46,57,746,524,455,763,,390,368,340,516,567,https://github.com/openpolicerussia/moscowpolicedata/tree/master/Reports/SouthEasternAO/Zhulebino
ЮВАО,Нижегородский,45 106,44 781,44 738,44 521,44 207,,,10179,9160,,1206,1065,935,762,774,,,,,,,228,228,193,196,,,,3,2,5,6,7,5,8,49,42,37,32,47,8,8,8,6,5,735,641,559,497,494,30,26,24,30,18,,,47,40,45,,,,,,,,8,8,5,,,,36,20,,660,551,567,583,,,315,290,299,https://github.com/openpolicerussia/moscowpolicedata/tree/master/Reports/SouthEasternAO/Nizhegorodsky
ЮВАО,Рязанский,108 262,107 370,106 824,105 133,102 873,28764,23854,20130,17758,18512,1942,1827,1670,1519,1674,,,,,,434,472,483,410,488,,0,5,2,,11,12,14,18,13,142,124,158,,,24,15,30,,,,972,890,,,36,53,68,,,79,107,113,96,120,237,271,,,,13,9,13,,,126,196,141,,,,,,,,,,,,,https://github.com/openpolicerussia/moscowpolicedata/tree/master/Reports/SouthEasternAO/Ryazansky
ЮВАО,Марьино,252 437,106 656,106 452,105 988,105 551,,23956,21763,19512,,4513,1545,1288,1296,1505,,,,,,,,350,301,403,8,0,,2,7,,,,,,204,88,93,127,104,31,18,21,17,24,2814,,,777,788,,14,28,55,41,,65,68,73,77,,,,,,,,7,17,21,,197,124,47,34,,885,733,837,813,1605,648,553,529,461,https://github.com/openpolicerussia/moscowpolicedata/tree/master/Reports/SouthEasternAO/Maryino
ЮВАО,Марьинский парк,,144 866,144 590,143 959,143 366,,33373,28991,30014,,,1919,1979,2172,2096,,,,,,,,,484,427,,4,2,3,4,,,2,13,14,,78,100,136,130,,16,29,26,51,,,,1519,1498,,20,22,60,52,,73,87,125,160,,,270,239,171,,,10,14,17,,,125,74,,,1235,1310,1789,1685,,681,665,954,777,https://github.com/openpolicerussia/moscowpolicedata/tree/master/Reports/SouthEasternAO/MaryinskyPark
ЮВАО,Капотня,32 287,31 941,31 809,31 718,31 423,9535,9110,6516,5911,5268,572,550,506,419,445,,,,,,115,149,149,149,156,2,0,,,,7,5,4,6,,33,32,25,17,42,8,11,12,,,,,229,197,176,7,6,7,13,,11,17,8,18,,37,30,52,,,,,,,,63,97,91,78,41,401,333,323,287,325,196,199,204,191,211,https://github.com/openpolicerussia/moscowpolicedata/tree/master/Reports/SouthEasternAO/Kapotnya
ЮВАО,Кузьминки,145 167,144 397,144 329,143 819,143 269,43800,39493,36085,33837,,2492,2369,2236,2517,,,,,,,,,,,,2,5,7,,,15,25,27,,,147,197,356,345,,49,49,49,61,,1385,1263,1235,,,80,59,94,104,,84,91,124,136,,276,,,,,,,,,,362,264,163,49,,1701,1455,1477,,,908,1045,,1269,1232,https://github.com/openpolicerussia/moscowpolicedata/tree/master/Reports/SouthEasternAO/Kuzminki
ЮВАО,Лефортово,93 257,92 417,92 064,91 638,90 936,30094,25863,22242,17491,,2044,1989,1642,1613,1598,,,,,,536,529,421,383,422,,,4,,,,,12,13,,65,78,101,101,91,,15,11,24,23,1219,1150,1009,1100,1001,25,44,46,44,58,,69,78,99,80,278,255,212,,,,,10,10,12,,231,152,54,48,1551,1198,,,,630,632,,676,595,https://github.com/openpolicerussia/moscowpolicedata/tree/master/Reports/SouthEasternAO/Lefortovo
ЮВАО,Люблино,171 548,170 143,169 832,169 117,167 484,50833,42460,37131,36030,34109,3079,2334,2172,2319,2086,,,,,122,898,752,658,636,596,,8,6,8,11,26,23,14,37,30,194,156,208,233,163,67,51,60,51,42,,,,1172,1031,,58,71,70,98,,,83,150,172,332,204,118,,,,,3,20,57,466,371,238,144,77,2242,1511,1391,1637,1322,1383,1155,1194,1344,,https://github.com/openpolicerussia/moscowpolicedata/tree/master/Reports/SouthEasternAO/Lyublino
ЮВАО,Некрасовка,43 619,35 933,27 738,21 324,20 074,12396,9545,5547,3288,2473,366,308,253,241,124,,,,,,167,97,85,77,,1,2,0,,,,6,2,,,27,30,13,8,8,7,4,3,0,1,,149,122,175,71,16,8,17,27,10,31,26,24,25,13,15,15,19,,,,7,3,,,111,47,32,18,,179,174,105,121,75,120,142,98,110,,https://github.com/openpolicerussia/moscowpolicedata/tree/master/Reports/SouthEasternAO/Nekrasovka
ЮВАО,Печатники,86 343,85 841,85 617,84 917,84 019,26463,21118,17728,17541,18860,1384,1104,1104,1237,1184,,,,,,,,,377,327,,,,1,6,7,18,,16,19,,71,85,108,87,12,13,9,26,21,772,574,516,698,632,23,58,39,45,69,47,66,54,72,50,215,137,,,,,9,11,,,,,,30,38,1039,586,434,684,,,,333,539,,https://github.com/openpolicerussia/moscowpolicedata/tree/master/Reports/SouthEasternAO/Pechatniki
ЮВАО,Текстильщики,104 516,103 782,103 552,102 935,102 451,28268,23762,20171,17884,18882,1281,1131,1049,1181,1235,,,,35,22,,,341,350,337,,,,,,,,,,,85,69,96,,,14,21,15,29,,,,643,445,,37,49,38,,,,,89,70,,,,166,75,,,,,,,106,167,138,82,,921,595,507,806,,573,470,430,,,https://github.com/openpolicerussia/moscowpolicedata/tree/master/Reports/SouthEasternAO/Tekstilshchiki
ЮВАО,Южнопортовый,73 954,73 178,72 951,72 489,72 284,26099,20799,17839,17033,,1130,1194,943,966,914,,,,,,,,,273,258,,,,2,3,,,,1,2,37,70,81,68,90,17,23,14,,,678,630,484,591,,49,61,44,53,43,41,84,70,75,68,,,,,,,,,4,9,,,35,13,19,,,524,713,,,,407,480,,https://github.com/openpolicerussia/moscowpolicedata/tree/master/Reports/SouthEasternAO/Yuzhnoportovy
ЮАО,Бирюлёво Восточное,151 946,149 281,148 764,146 187,145 934,,27973,25890,23716,,1765,1531,1352,1670,1624,,,,,,,474,397,526,461,5,,,6,3,13,13,20,26,27,132,116,131,168,149,29,36,28,64,46,,873,689,953,859,34,28,33,76,59,121,110,112,125,101,125,112,147,77,96,0,1,,25,15,245,214,102,136,117,1037,919,842,1158,,820,842,717,912,,https://github.com/openpolicerussia/moscowpolicedata/tree/master/Reports/SouthernAO/BiryulyovoVostochnoye
ЮАО,Бирюлёво Западное,88 257,87 895,87 764,87 348,86 794,19040,18222,16236,15441,,1198,1002,935,1031,1057,,,,,,341,285,304,364,316,4,5,2,4,16,12,18,21,27,25,66,46,81,92,89,11,24,25,33,,532,429,370,,,39,17,11,21,44,63,63,86,83,64,,,,,,,,,14,,138,91,141,190,,681,609,565,,,453,507,476,601,525,https://github.com/openpolicerussia/moscowpolicedata/tree/master/Reports/SouthernAO/BiryulyovoZapadnoye
ЮАО,Братеево,107 965,106 467,105 617,104 511,103 489,22478,20904,,15080,14282,1465,1076,987,1093,1144,,,,,,445,271,244,305,255,2,1,4,3,4,8,13,2,11,6,53,38,64,52,48,10,15,22,13,11,770,615,601,710,,11,23,46,72,62,34,55,53,67,66,94,115,85,58,10,13,11,9,23,,186,134,99,118,69,830,653,579,746,777,427,394,383,532,550,https://github.com/openpolicerussia/moscowpolicedata/tree/master/Reports/SouthernAO/Brateyevo
ЮАО,Даниловский,93 239,92 897,92 689,92 148,91 783,38049,30768,27087,24295,,3003,2543,2928,3011,2487,,,,,,876,663,924,813,617,3,3,5,1,2,10,9,8,14,20,131,131,172,189,142,49,30,54,41,31,1517,1382,1565,1821,1503,58,72,82,88,92,75,97,106,122,108,609,292,,,,7,21,25,23,,187,175,127,133,112,,,,,,923,990,1120,1137,545,https://github.com/openpolicerussia/moscowpolicedata/tree/master/Reports/SouthernAO/Danilovsky
ЮАО,Донской,51 643,51 461,51 308,50 079,48 817,17540,15570,13356,12687,,1552,1309,1538,1557,1493,,,,,,243,262,303,306,,2,3,2,,,2,6,5,9,,42,55,63,77,,19,18,27,30,,1090,912,1041,1170,,21,28,38,46,,33,34,62,53,,136,101,192,,,,,,15,,92,80,53,57,,1148,1008,1018,1331,,,,492,673,,https://github.com/openpolicerussia/moscowpolicedata/tree/master/Reports/SouthernAO/Donskoy
ЮАО,Зябликово,132 899,132 348,132 251,131 637,131 297,,19994,17760,17140,,1555,1467,1305,1425,1515,,,,,,288,393,329,396,462,0,4,3,5,,9,13,10,14,8,60,58,92,97,97,13,16,30,37,36,868,753,741,,,31,34,54,86,94,48,56,62,72,83,214,132,,,,,11,,11,,206,164,117,,,1016,864,660,869,,599,558,420,567,,https://github.com/openpolicerussia/moscowpolicedata/tree/master/Reports/SouthernAO/Zyablikovo
ЮАО,Москворечье-Сабурово,80 231,79 324,78 865,77 982,76 764,,15142,11387,9800,,1367,1174,1032,1074,885,,,,,,383,314,268,278,,,2,1,,,,8,7,4,,67,42,70,70,,17,20,20,21,,744,705,595,703,,33,36,47,51,35,54,66,65,93,,173,126,,,,,,,14,,,91,54,55,,,776,593,803,,,566,509,595,,https://github.com/openpolicerussia/moscowpolicedata/tree/master/Reports/SouthernAO/Moskvorechye-Saburovo
ЮАО,Нагатино-Садовники,81 400,79 416,78 432,77 263,76 907,21689,21024,17482,15380,14450,2194,2263,2246,2296,2153,,,,,,,667,769,803,832,,3,1,3,2,5,15,6,7,12,76,94,116,140,139,20,22,32,38,22,1167,1249,1168,1159,921,,51,82,73,61,,73,111,94,73,,,,,,,,,25,,,315,387,416,98,1287,1349,1281,1497,1066,1003,1281,914,1005,737,https://github.com/openpolicerussia/moscowpolicedata/tree/master/Reports/SouthernAO/Nagatino-Sadovniki
ЮАО,Нагатинский Затон,119 053,118 328,117 898,116 957,116 193,23673,23854,,,,1607,1516,1532,1492,1312,,,,,,363,374,406,693,379,2,3,4,2,,,10,14,11,,52,55,85,95,,11,22,21,12,,861,817,876,857,,38,78,81,65,,,57,90,110,,204,182,127,114,,,,27,32,,187,126,144,102,,962,884,966,1025,,,,,,,https://github.com/openpolicerussia/moscowpolicedata/tree/master/Reports/SouthernAO/NagatinskyZaton
ЮАО,Нагорный,80 707,80 262,79 548,79 064,78 407,19357,18924,16645,15292,14018,1243,1462,1485,1889,1496,,,,,,330,347,377,722,384,1,3,3,1,12,10,16,10,12,11,58,72,97,132,114,26,34,32,44,27,655,801,741,900,,24,41,51,66,81,63,57,90,84,,117,196,156,269,,9,10,9,8,,152,134,139,,,770,912,850,,,463,659,677,,,https://github.com/openpolicerussia/moscowpolicedata/tree/master/Reports/SouthernAO/Nagorny
ЮАО,Орехово-Борисово Северное,131 982,131 409,131 393,130 784,130 226,24422,20875,19352,,,1754,1136,1177,1406,1507,,,,,,,351,401,455,416,3,4,4,4,4,3,14,13,13,13,80,73,77,124,126,9,22,30,43,26,831,647,614,738,851,44,53,42,72,74,70,66,95,84,95,425,98,152,144,154,,64,15,7,9,,124,139,136,99,946,763,762,952,1067,580,514,581,655,730,https://github.com/openpolicerussia/moscowpolicedata/tree/master/Reports/SouthernAO/Orekhovo-BorisovoSevernoye
ЮАО,Орехово-Борисово Южное,147 867,147 498,147 421,146 873,146 591,,,,,,1772,1643,1632,1866,,,,,,,476,544,433,528,,2,4,,,,16,14,5,16,,62,90,110,127,,13,21,37,67,,920,807,914,993,,34,35,58,88,,71,81,90,101,,278,234,,,,,,,15,,252,229,173,146,,1051,1065,1106,1221,,696,779,863,926,,https://github.com/openpolicerussia/moscowpolicedata/tree/master/Reports/SouthernAO/Orekhovo-BorisovoYuzhnoye
ЮАО,Царицыно,128 404,127 911,127 348,126 698,126 305,28589,25296,,22494,21674,1906,1576,1351,1863,1773,,,,,,603,478,447,521,491,2,,,,,11,11,16,28,,131,107,117,148,,28,30,36,50,,986,891,733,1062,,69,75,84,113,,56,41,63,82,,236,157,138,213,,,,,13,,293,211,154,169,,1130,948,774,,,838,808,651,1001,,https://github.com/openpolicerussia/moscowpolicedata/tree/master/Reports/SouthernAO/Tsaritsyno
ЮАО,Чертаново Северное,114 315,113 821,113 504,112 799,112 514,21520,19788,,,,1313,1468,1557,1774,1484,,,,168,24,250,374,339,538,349,1,0,1,4,2,9,4,7,12,8,52,62,102,137,125,14,20,18,34,24,532,810,864,942,823,47,35,40,41,68,57,77,92,108,76,145,167,152,322,155,5,6,,15,14,90,169,122,101,68,886,914,989,1271,1074,468,601,671,866,702,https://github.com/openpolicerussia/moscowpolicedata/tree/master/Reports/SouthernAO/ChertanovoSevernoye
ЮАО,Чертаново Центральное,116 536,115 518,115 489,114 058,113 204,,,18054,17265,,1893,1714,1366,1576,1679,,,,,,420,455,300,382,,1,2,0,4,,11,12,7,20,,75,64,79,127,111,20,20,38,29,,1007,892,688,791,,55,68,38,47,97,68,70,81,84,,353,270,134,269,,21,17,17,24,,,,98,116,,1192,1020,767,1164,892,604,684,570,713,316,https://github.com/openpolicerussia/moscowpolicedata/tree/master/Reports/SouthernAO/ChertanovoTsentralnoye
ЮАО,Чертаново Южное,147 907,146 977,146 322,144 973,144 518,,,23930,22887,22314,1700,1419,1660,1653,1501,,,,21,0,,415,580,584,567,4,7,1,5,9,15,12,16,20,23,89,74,101,102,108,28,19,25,43,18,838,737,701,793,685,34,74,60,63,84,123,94,115,155,108,154,183,139,184,208,17,12,,19,,304,152,207,235,,,,,,,,,,891,,https://github.com/openpolicerussia/moscowpolicedata/tree/master/Reports/SouthernAO/ChertanovoYuzhnoye
ЮЗАО,Академический,109 063,108 516,108 274,107 836,107 628,,,,,,2127,1732,1497,1502,1514,,,,,,552,479,423,448,432,,,3,2,2,,,6,13,8,43,68,100,118,110,21,27,36,39,31,831,831,831,944,966,,71,74,93,92,,67,87,127,113,386,386,223,129,122,,,,,,102,,92,74,69,932,1045,948,1046,936,642,851,820,890,712,https://github.com/openpolicerussia/moscowpolicedata/tree/master/Reports/SouthWesternAO/Akademichesky
ЮЗАО,Гагаринский,78 973,78 407,78 391,77 894,77 379,,,14000,,,1091,1104,1201,1347,1319,,32,,,,239,307,307,410,390,1,0,3,1,1,5,4,2,4,3,49,61,92,109,118,22,17,32,32,18,,616,755,930,907,25,38,62,102,106,52,64,66,117,97,109,124,104,87,100,,,0,3,2,,,103,50,56,805,692,796,987,946,489,524,645,788,640,https://github.com/openpolicerussia/moscowpolicedata/tree/master/Reports/SouthWesternAO/Gagarinsky
ЮЗАО,Зюзино,126 296,125 052,124 978,124 317,124 093,,,,,,1423,1511,1519,1613,1570,,,16,110,,414,549,495,429,350,,,5,9,5,,,8,9,9,63,84,109,146,152,14,11,30,30,12,756,752,939,981,810,51,71,68,71,85,55,71,127,124,,154,215,149,112,126,,,22,21,31,148,292,204,118,83,,851,805,1034,892,,688,650,913,695,https://github.com/openpolicerussia/moscowpolicedata/tree/master/Reports/SouthWesternAO/Zyuzino
ЮЗАО,Коньково,156 148,155 667,155 468,154 820,154 297,,23000,,,,2179,2194,1873,2079,1951,,,,,,,571,513,469,509,3,4,2,2,2,,9,14,10,13,,90,106,150,132,24,32,18,31,25,1208,1183,1105,,,80,74,69,82,114,123,127,126,123,121,293,348,,,,,,,,,193,236,217,100,117,,,1031,1359,1321,,,827,1195,943,https://github.com/openpolicerussia/moscowpolicedata/tree/master/Reports/SouthWesternAO/Konkovo
ЮЗАО,Котловка,65 831,65 584,65 537,65 283,64 826,15306,15552,13168,12335,12434,965,971,965,1109,915,,10,14,2,,236,229,237,326,201,,1,3,1,,3,10,4,13,11,35,37,51,49,49,6,9,13,12,14,582,553,551,650,561,24,44,59,33,45,38,38,59,63,44,116,121,96,163,83,2,7,10,13,27,108,93,75,72,38,606,636,616,720,643,300,384,431,483,411,https://github.com/openpolicerussia/moscowpolicedata/tree/master/Reports/SouthWesternAO/Kotlovka
ЮЗАО,Ломоносовский,87 573,87 065,86 694,85 924,84 986,14126,,,,,1000,1010,903,962,948,,11,,,,197,242,276,273,291,,,0,2,5,2,4,2,8,3,30,57,54,74,61,6,10,10,17,12,587,583,502,558,557,29,54,64,80,87,56,48,90,83,96,70,95,48,98,33,,,1,10,24,66,73,73,52,51,634,602,538,647,,396,470,458,545,,https://github.com/openpolicerussia/moscowpolicedata/tree/master/Reports/SouthWesternAO/Lomonosovsky
ЮЗАО,Обручевский,84 122,83 469,82 748,81 679,79 623,16663,14426,13548,12610,,1330,1363,1155,1087,1114,,,,,,256,316,310,286,281,2,7,3,1,6,,,8,,,60,45,46,64,62,9,13,17,17,23,,766,709,724,704,10,39,37,46,58,81,86,116,113,106,159,175,119,98,70,,,,11,31,65,107,97,55,44,889,880,784,820,789,533,628,629,623,639,https://github.com/openpolicerussia/moscowpolicedata/tree/master/Reports/SouthWesternAO/Obruchevsky
ЮЗАО,Северное Бутово,94 787,93 911,93 226,91 942,91 036,21199,19078,14779,12707,,1079,1122,1208,1128,1169,,,21,11,,,199,222,255,426,,3,3,3,0,2,4,2,6,13,34,59,66,75,73,5,9,22,20,8,,521,578,623,504,,15,37,37,24,,49,74,95,116,,128,210,139,152,,6,20,16,20,,98,65,74,,,615,654,704,652,,437,486,578,488,https://github.com/openpolicerussia/moscowpolicedata/tree/master/Reports/SouthWesternAO/SevernoyeButovo
ЮЗАО,Тёплый Стан,133 857,133 069,132 987,132 379,131 368,18530,18682,14319,15250,,1152,1213,1029,1520,1491,,,,,,295,374,340,411,,,,5,2,7,,,3,9,10,,66,76,108,117,,13,18,27,37,,575,481,812,716,,28,29,57,72,66,79,69,82,58,,138,95,145,133,,,,,,121,203,179,151,105,747,755,573,1016,,,,498,935,,https://github.com/openpolicerussia/moscowpolicedata/tree/master/Reports/SouthWesternAO/TyoplyStan
ЮЗАО,Черёмушки,107 542,106 587,105 883,104 672,103 517,,19385,,,,1508,2021,1456,1589,,,,,,,,465,405,390,,4,2,3,,,11,5,11,,,44,52,63,104,,13,14,22,23,,825,962,863,1080,,54,49,55,,,74,87,106,,,178,319,143,138,,6,8,14,,,148,191,149,117,,,1167,858,1098,,,901,648,903,,https://github.com/openpolicerussia/moscowpolicedata/tree/master/Reports/SouthWesternAO/Cheryomushki
ЮЗАО,Южное Бутово,204 226,200 169,196 209,191 531,179 306,48286,50198,40678,35565,,1628,1549,1379,1357,,,44,84,8,,407,405,413,389,,5,3,10,6,,10,17,20,15,,49,50,72,67,,,7,14,34,,992,899,743,760,,25,22,31,,,137,134,136,172,,120,142,65,83,,6,15,21,23,,,221,116,101,,1132,803,662,776,,587,648,539,655,,https://github.com/openpolicerussia/moscowpolicedata/tree/master/Reports/SouthWesternAO/YuzhnoyeButovo
ЮЗАО,Ясенево,177 809,177 014,176 936,176 448,176 109,25504,25253,23729,,,1966,1997,1684,2001,,,,73,84,,562,543,476,509,,4,6,7,,,13,22,18,24,,88,99,112,115,,22,24,24,21,,867,911,831,1172,,49,39,26,59,,79,77,91,116,,241,328,136,,,,,,,,205,315,174,,,1162,1295,1101,1380,,707,872,758,1033,,https://github.com/openpolicerussia/moscowpolicedata/tree/master/Reports/SouthWesternAO/Yasenevo
ЮЗАО,РУДН,,,,,,,1159,832,770,,,86,83,,,,,,,,,,,,,,,,,,,,,,,,4,,,,,3,,,,,,,,,,,,,,,,,,,,,,,,,,,,,,,,,,,60,56,63,,,39,32,39,,https://github.com/openpolicerussia/moscowpolicedata/tree/master/Reports/SouthWesternAO/RUDN
ЗАО,Внуково,24 453,24 023,23 518,23 007,21 921,6141,4675,2933,,,329,282,228,193,,,,,,,93,107,90,61,,,,,,,,,,,,10,7,8,7,,3,4,4,3,,127,97,91,67,,7,12,11,20,,8,18,15,4,,21,20,8,,,,,,,,48,69,42,25,,186,107,102,71,,128,90,90,67,,https://github.com/openpolicerussia/moscowpolicedata/tree/master/Reports/WesternAO/Vnukovo
ЗАО,Дорогомилово,71 964,71 109,70 862,69 714,68 215,26235,19050,15765,14439,,1709,1561,1592,1562,,,,,,,465,538,520,,,6,2,3,,,9,6,10,,,104,84,89,143,,20,17,24,25,,931,746,801,900,,25,36,28,43,,45,65,61,77,,274,304,,,,1,2,,,,95,132,,,,1252,897,792,914,,679,559,582,616,,https://github.com/openpolicerussia/moscowpolicedata/tree/master/Reports/WesternAO/Dorogomilovo
ЗАО,Крылатское,82 046,81 051,80 797,80 131,79 823,16553,,,,,895,716,708,890,894,,,,,,234,208,256,385,260,1,0,,3,0,7,1,4,3,2,30,26,30,27,45,9,5,7,4,8,503,404,337,446,620,15,13,17,25,37,35,,49,72,91,161,98,124,154,72,,0,2,1,2,58,81,,77,49,623,465,444,560,527,328,296,322,329,358,https://github.com/openpolicerussia/moscowpolicedata/tree/master/Reports/WesternAO/Krylatskoye
ЗАО,Кунцево,150 189,148 164,146 930,145 809,144 606,,22048,18757,18599,,1806,1484,1090,1367,1555,,,,,,551,417,409,423,524,5,10,,,,,,12,15,,117,110,60,113,,15,13,13,16,28,1027,871,526,703,,73,81,67,55,84,100,98,64,80,118,203,162,137,132,,,,10,13,,175,105,,,,1096,928,543,618,671,670,635,430,484,583,https://github.com/openpolicerussia/moscowpolicedata/tree/master/Reports/WesternAO/Kuntsevo
ЗАО,Можайский,136 836,135 712,135 527,134 765,133 217,,28780,,24836,28793,1754,1504,1232,1748,1988,47,73,,,,459,414,345,524,,3,2,9,7,,8,6,12,13,,123,106,91,114,,12,17,10,18,,983,811,731,980,,67,67,65,74,123,95,111,124,158,166,203,173,91,,,16,8,,,,121,84,,,,1046,884,670,1063,,681,632,534,906,,https://github.com/openpolicerussia/moscowpolicedata/tree/master/Reports/WesternAO/Mozhaysky
ЗАО,Ново-Переделкино,120 737,119 183,117 883,115 836,112 093,,15494,13294,13427,,1133,1002,916,946,897,,,,,,228,257,252,266,236,5,1,2,5,,6,5,13,10,10,31,37,35,43,49,1,9,12,10,,626,531,434,497,,15,25,35,55,45,40,54,78,65,87,,60,69,61,61,,,9,12,31,148,146,95,69,78,782,577,507,487,470,434,374,395,367,379,https://github.com/openpolicerussia/moscowpolicedata/tree/master/Reports/WesternAO/Novo-Peredelkino
ЗАО,Очаково-Матвеевское,126 347,124 580,122 600,120 327,119 412,32074,29481,25300,22323,21140,1668,1531,1344,1334,1296,,,,40,89,519,478,,408,394,3,4,6,4,4,8,11,20,9,14,67,63,51,86,86,23,14,19,18,18,906,829,662,798,731,42,50,42,55,54,133,141,138,145,127,202,146,,,,,,,1,,143,137,95,46,76,985,882,746,1303,,746,698,643,754,,"https://github.com/openpolicerussia/moscowpolicedata/tree/master/Reports/WesternAO/Ochakovo-Matveyevskoye, http://ochakovo.mos.ru/presscenter/news-on-main/detail/2583479.html?word_file=y;%20ochakovo.mos.ru/presscenter/news/detail/1560938.html?word_file=y"
ЗАО,Проспект Вернадского,63 452,62 921,62 709,62 214,61 587,17980,13322,,,,1121,1018,1064,755,801,,42,,,,367,406,503,214,218,,,,,,,,,,,59,65,57,65,,13,10,16,11,,480,385,423,430,,26,23,45,36,,45,45,,,,121,124,,,,,,,,,,,40,15,,762,594,482,445,,407,361,349,336,,https://github.com/openpolicerussia/moscowpolicedata/tree/master/Reports/WesternAO/ProspektVernadskogo
ЗАО,Раменки,136 421,133 595,131 629,128 211,126 031,27436,23230,,,,1916,1616,1471,1793,1307,,,,,,497,452,370,475,421,2,3,3,2,,8,6,7,6,5,59,70,54,88,67,15,19,7,21,18,1214,1091,993,1235,830,42,83,57,86,98,117,141,156,165,170,261,145,101,,,13,15,,,,133,66,65,36,55,1310,1056,966,1104,397,780,750,669,865,338,https://github.com/openpolicerussia/moscowpolicedata/tree/master/Reports/WesternAO/Ramenki
ЗАО,Солнцево,122 410,119 584,118 806,117 049,114 962,26100,21285,,,,1706,1578,1263,1186,1133,,,,,,411,396,287,247,277,,,,10,,,,,,,59,62,53,66,,6,8,13,5,5,782,725,571,592,,23,38,19,20,41,60,76,83,90,94,179,204,,88,,,,,,,,,,72,,1034,868,589,697,,588,598,449,558,452,https://github.com/openpolicerussia/moscowpolicedata/tree/master/Reports/WesternAO/Solntsevo
ЗАО,Тропарёво-Никулино,121 346,119 568,118 742,117 231,114 587,22173,20410,17415,15440,16076,1779,1485,1744,1760,1540,,,,,,496,457,525,440,,,3,3,,,,3,5,,,100,108,112,151,134,12,12,27,29,17,,876,1076,1175,1010,29,45,51,50,81,124,115,109,110,137,210,132,153,,,,,,,,,149,149,93,,1252,1043,1102,1238,788,733,671,783,974,624,https://github.com/openpolicerussia/moscowpolicedata/tree/master/Reports/WesternAO/Troparyovo-Nikulino
ЗАО,Филёвский Парк,91 974,91 288,90 827,90 243,89 949,21011,17925,,,,1193,935,931,1054,,,63,,,,483,290,336,262,,6,,,,,,,2,7,,51,43,28,65,,,12,13,12,,649,472,480,698,,28,34,28,42,,63,28,47,64,,,87,154,,,,6,5,,,,150,106,,,713,545,492,678,,358,315,320,432,,https://github.com/openpolicerussia/moscowpolicedata/tree/master/Reports/WesternAO/FilyovskyPark
ЗАО,Фили-Давыдково,114 526,113 266,112 983,112 377,111 921,25766,21511,,,,1289,1049,801,1022,798,,,,,,392,346,417,340,267,,3,2,5,,4,3,6,9,,83,70,71,75,,13,4,8,14,,684,551,485,519,,30,59,46,45,,67,71,,,,96,83,180,56,,,6,10,,,179,135,122,57,,886,671,506,566,,607,541,425,489,,https://github.com/openpolicerussia/moscowpolicedata/tree/master/Reports/WesternAO/Fili-Davydkovo
ЗАО,МГУ,,,,,,,,,,,137,168,101,113,252,,,,,,18,37,22,22,21,,,,,,,,,,,,5,11,6,16,,2,1,2,,89,60,61,77,146,,,,0,,,,3,4,5,,14,2,3,5,,,,,,8,32,,,,112,101,79,89,,70,69,52,66,,https://github.com/openpolicerussia/moscowpolicedata/tree/master/Reports/WesternAO/MGU
СЗАО,Куркино,31 846,30 108,28 967,26 824,22 247,,,,,,440,424,367,361,277,4,,,,,101,98,84,100,,,,2,2,1,,,1,1,2,,,18,15,11,,,4,4,5,305,,261,264,185,18,22,14,23,17,,,21,34,39,36,,18,7,9,,,1,1,4,31,29,17,29,22,277,241,201,226,187,173,164,172,160,139,https://github.com/openpolicerussia/moscowpolicedata/tree/master/Reports/NorthWesternAO/Kurkino
СЗАО,Митино,188 342,184 730,183 064,180 354,179 548,,,,,,1849,1668,1625,2031,2020,,,,,,393,431,370,581,,,,2,6,6,,7,21,16,16,,90,156,147,133,,13,,24,32,,,1050,1285,1185,,19,25,44,65,,132,136,164,271,,,,122,202,,,,9,11,,,,135,117,1308,957,1047,1264,1231,794,622,822,826,847,https://github.com/openpolicerussia/moscowpolicedata/tree/master/Reports/NorthWesternAO/Mitino
СЗАО,Покровское-Стрешнево,56 964,56 424,56 214,55 497,54 890,17315,16794,,,,2277,2581,1474,1160,1184,1358,1694,551,229,,239,307,346,480,515,,,5,1,2,,,9,15,13,66,54,97,75,77,,19,26,29,22,453,435,464,492,463,23,18,32,27,25,34,42,50,49,40,113,60,73,94,61,,4,7,5,7,,,97,93,51,635,530,,558,536,333,350,379,343,292,https://github.com/openpolicerussia/moscowpolicedata/tree/master/Reports/NorthWesternAO/Pokrovskoye-Streshnevo
СЗАО,Северное Тушино,164 549,163 627,162 050,158 479,157 569,41326,,33723,,,1883,1744,1982,1849,1619,,,,,,,427,540,519,,5,6,,8,3,15,17,,16,20,111,91,144,218,149,25,15,41,27,31,,,1144,1074,939,,67,76,77,63,90,101,115,121,120,244,210,,114,101,,,,6,7,,,78,130,100,1217,1036,1104,1223,1012,,779,885,782,644,https://github.com/openpolicerussia/moscowpolicedata/tree/master/Reports/NorthWesternAO/SevernoyeTushino
СЗАО,Строгино,158 802,158 223,157 994,156 917,156 473,32316,30206,,,,2096,1961,1949,1785,1706,53,,,,,418,468,413,534,443,4,0,,3,4,6,9,13,9,9,96,104,84,103,119,20,12,16,13,11,941,871,1059,999,980,45,39,56,63,54,77,119,110,135,146,215,,,94,127,,25,25,45,56,192,260,193,273,179,1328,1025,951,1097,1115,821,806,767,787,799,https://github.com/openpolicerussia/moscowpolicedata/tree/master/Reports/NorthWesternAO/Strogino
СЗАО,Хорошёво-Мнёвники,170 724,170 609,169 813,168 495,167 913,43090,,,,,1848,1780,1832,1897,2005,35,73,,,,521,529,519,514,582,6,,,5,7,10,,,12,16,66,85,114,126,135,13,,,28,22,1020,929,,1150,1167,90,75,90,89,131,93,122,145,155,160,152,172,,139,135,23,23,,35,46,199,185,,127,157,1281,1046,922,1211,1288,767,775,731,835,834,https://github.com/openpolicerussia/moscowpolicedata/tree/master/Reports/NorthWesternAO/Khoroshevo-Mnevniki
СЗАО,Щукино,109 147,108 624,108 542,107 269,106 180,30522,25849,24311,22001,,1794,1935,2192,2074,2039,,,,,,,,483,529,577,,,2,6,3,,,9,11,17,,,153,152,133,,,,25,33,,,,1156,1028,34,64,74,83,95,,,76,102,91,,,,250,225,,,,26,15,,,,168,144,,,1153,1429,1333,611,668,732,694,659,https://github.com/openpolicerussia/moscowpolicedata/tree/master/Reports/NorthWesternAO/Shchukino
СЗАО,Южное Тушино,108 049,107 269,106 985,105 713,105 092,25879,,,,,1831,1574,1573,1552,1400,,,120,134,,438,386,388,448,386,2,3,0,0,1,,,8,14,7,,71,82,82,77,,19,23,24,39,997,849,840,874,768,42,39,50,74,67,,,102,117,113,253,142,137,93,102,4,14,14,8,22,,,124,142,84,,,,861,767,,,,597,523,https://github.com/openpolicerussia/moscowpolicedata/tree/master/Reports/NorthWesternAO/YuzhnoyeTushino
ЗелАО,Крюково,94 263,91 184,89 357,88 213,85 614,,,,19187,,1331,1229,1103,900,901,,,,,,316,278,208,225,218,4,4,0,2,4,12,9,9,9,8,33,30,43,45,57,10,10,10,16,11,573,548,538,471,469,14,18,23,44,19,25,31,44,30,28,219,191,122,108,75,6,14,20,16,15,183,138,90,71,84,634,504,475,447,421,322,329,336,328,326,https://github.com/openpolicerussia/moscowpolicedata/tree/master/Reports/ZelenogradskyAO/Kryukovo
ЗелАО,Матушкино-Савёлки,73 595,72 360,71 950,70 968,70 818,,21096,19680,16523,15381,1083,1129,915,,891,,,,,,228,236,209,165,149,0,3,1,2,,9,11,13,9,,28,40,45,41,,4,8,14,14,,473,527,395,478,,4,25,27,19,22,16,29,31,41,23,193,147,133,87,69,,,,,,152,126,95,69,45,535,568,415,502,,302,387,,,,https://github.com/openpolicerussia/moscowpolicedata/tree/master/Reports/ZelenogradskyAO/Matushkino-Savyolki
ЗелАО,Силино-Старое Крюково,70 039,68 945,68 619,67 296,67 152,,17304,15179,12235,11767,1039,918,957,780,781,,,,44,41,229,236,196,172,162,1,5,1,2,,5,9,15,3,,28,19,26,31,,2,6,12,,,462,360,392,359,,9,9,19,21,16,4,25,24,31,7,,135,130,88,69,,4,6,,,150,151,105,69,,497,403,406,418,346,248,272,275,290,262,https://github.com/openpolicerussia/moscowpolicedata/tree/master/Reports/ZelenogradskyAO/Silino-StaroyeKryukovo
ТИНАО,Троицк,80484,75846,71577,67136,,,,,,,1238,948,,,,,,,,,479,330,,,,4,3,,,,16,17,8,,,52,53,,,,12,7,8,,,529,436,,,,112,122,98,,,39,67,,,,60,29,,,,4,13,,,,148,129,,,,476,394,313,,,261,318,255,,,https://github.com/openpolicerussia/moscowpolicedata/tree/master/Reports/TroitskyNovomoskovskyAO/Troitsky
ТИНАО,Щербинский,42642,40748,38905,35328,,12650,9426,,,,679,571,,,,96,,,,,217,195,,,,1,5,,,,3,12,,,,19,12,,,,7,4,,,,277,233,,,,11,18,,,,29,37,,,,110,26,,,,7,10,,,,52,88,,,,652,571,,,,177,181,,,,https://github.com/openpolicerussia/moscowpolicedata/tree/master/Reports/TroitskyNovomoskovskyAO/Shcherbinsky
ТИНАО,Коммунарский,58071,53131,50344,50040,,,,,,,1640,1583,,,,73,,,,,512,553,,,,2,2,2,,,10,19,,,,91,138,,,,27,28,,,,1058,968,,,,140,111,90,,,95,108,,,,100,88,,,,21,15,,,,86,102,,,,1004,1000,,,,511,586,,,,https://github.com/openpolicerussia/moscowpolicedata/tree/master/Reports/TroitskyNovomoskovskyAO/Kommunarsky
ТИНАО,Московский,79295,70108,57429,52960,,21473,19594,12560,,,1834,1567,1174,,,72,,,,,607,637,492,,,5,11,,,,17,18,14,,,94,122,133,,,19,22,21,,,1186,898,,,,144,138,96,,,144,182,,,,122,99,,,,29,33,,,,97,116,104,,,,,,,,681,667,,,,https://github.com/openpolicerussia/moscowpolicedata/tree/master/Reports/TroitskyNovomoskovskyAO/Moskovsky
ТИНАО,Красносельское,18729,18294,18026,17931,,,4460,,,,535,493,318,,,,,,,,209,200,135,,,3,6,,,,6,4,,,,11,16,,,,5,3,,,,229,221,,,,45,49,,,,8,22,,,,42,15,,,,16,5,,,,97,95,,,,197,179,,,,147,152,,,,https://github.com/openpolicerussia/moscowpolicedata/tree/master/Reports/TroitskyNovomoskovskyAO/Krasnoselskoe
ТИНАО,Куриловское,14175,13923,13762,13683,,,3188,2293,,,345,306,,,,,,,,,55,62,,,,6,3,,,,2,2,,,,,8,,,,3,7,,,,168,128,,,,44,41,,,,11,16,,,,6,3,,,,6,2,,,,17,33,,,,127,108,,,,99,104,,,,https://github.com/openpolicerussia/moscowpolicedata/tree/master/Reports/TroitskyNovomoskovskyAO/Kurilovskoe
ТИНАО,Рязановское,20115,19604,19303,19218,,4159,3400,,,,298,310,,,,,,,,,67,93,,,,0,1,,,,2,5,,,,5,13,,,,1,2,,,,121,117,,,,12,24,,,,15,14,,,,16,18,,,,9,1,,,,28,16,,,,119,106,,,,77,72,,,,https://github.com/openpolicerussia/moscowpolicedata/tree/master/Reports/TroitskyNovomoskovskyAO/Ryazanovskoye